,n_step,energy,average_magnetization
0,0.0,-156.0,-0.09
1,1.0,-196.0,0.015
2,2.0,-178.0,-0.005
3,3.0,-150.0,-0.06
4,4.0,-132.0,-0.14
5,5.0,-182.0,-0.11
6,6.0,-224.0,-0.06
7,7.0,-114.0,-0.075
8,8.0,-130.0,-0.07
9,9.0,-138.0,0.035
10,10.0,-122.0,0.04
11,11.0,-152.0,-0.055
12,12.0,-164.0,-0.015
13,13.0,-158.0,0.115
14,14.0,-130.0,0.1
15,15.0,-174.0,-0.02
16,16.0,-192.0,0.045
17,17.0,-226.0,0.085
18,18.0,-184.0,0.135
19,19.0,-114.0,0.09
20,20.0,-164.0,0.055
21,21.0,-160.0,0.0
22,22.0,-174.0,-0.075
23,23.0,-144.0,0.035
24,24.0,-250.0,0.11
25,25.0,-228.0,0.085
26,26.0,-196.0,-0.045
27,27.0,-110.0,-0.025
28,28.0,-140.0,-0.025
29,29.0,-180.0,-0.08
30,30.0,-160.0,-0.22
31,31.0,-184.0,-0.115
32,32.0,-176.0,-0.085
33,33.0,-126.0,-0.085
34,34.0,-192.0,-0.075
35,35.0,-156.0,-0.025
36,36.0,-156.0,-0.005
37,37.0,-152.0,-0.005
38,38.0,-208.0,-0.155
39,39.0,-174.0,-0.21
40,40.0,-162.0,-0.1
41,41.0,-144.0,-0.12
42,42.0,-142.0,-0.14
43,43.0,-198.0,-0.06
44,44.0,-192.0,-0.145
45,45.0,-130.0,-0.025
46,46.0,-174.0,0.005
47,47.0,-180.0,0.01
48,48.0,-144.0,0.105
49,49.0,-156.0,-0.01
50,50.0,-164.0,0.06
51,51.0,-158.0,0.11
52,52.0,-218.0,0.11
53,53.0,-208.0,0.155
54,54.0,-166.0,0.065
55,55.0,-196.0,0.085
56,56.0,-138.0,0.01
57,57.0,-232.0,-0.15
58,58.0,-238.0,0.025
59,59.0,-152.0,-0.08
60,60.0,-132.0,-0.025
61,61.0,-108.0,0.125
62,62.0,-150.0,0.055
63,63.0,-196.0,0.03
64,64.0,-164.0,-0.015
65,65.0,-186.0,0.005
66,66.0,-154.0,-0.075
67,67.0,-122.0,-0.03
68,68.0,-132.0,-0.11
69,69.0,-186.0,-0.115
70,70.0,-182.0,-0.115
71,71.0,-142.0,-0.095
72,72.0,-146.0,-0.07
73,73.0,-154.0,-0.03
74,74.0,-152.0,0.045
75,75.0,-198.0,-0.05
76,76.0,-178.0,-0.1
77,77.0,-232.0,-0.135
78,78.0,-176.0,-0.12
79,79.0,-112.0,-0.045
80,80.0,-166.0,0.01
81,81.0,-122.0,0.045
82,82.0,-162.0,0.005
83,83.0,-140.0,-0.03
84,84.0,-180.0,-0.1
85,85.0,-164.0,-0.06
86,86.0,-140.0,-0.04
87,87.0,-122.0,-0.025
88,88.0,-168.0,-0.01
89,89.0,-152.0,0.015
90,90.0,-158.0,0.05
91,91.0,-184.0,0.015
92,92.0,-114.0,0.035
93,93.0,-110.0,-0.05
94,94.0,-202.0,0.03
95,95.0,-154.0,-0.02
96,96.0,-234.0,-0.07
97,97.0,-156.0,-0.135
98,98.0,-154.0,-0.145
99,99.0,-130.0,-0.055
100,100.0,-110.0,-0.04
101,101.0,-170.0,-0.075
102,102.0,-164.0,0.03
103,103.0,-90.0,-0.055
104,104.0,-158.0,-0.1
105,105.0,-186.0,0.005
106,106.0,-160.0,0.145
107,107.0,-186.0,0.035
108,108.0,-186.0,-0.03
109,109.0,-160.0,-0.025
110,110.0,-202.0,0.035
111,111.0,-136.0,-0.025
112,112.0,-178.0,0.0
113,113.0,-144.0,-0.015
114,114.0,-132.0,-0.01
115,115.0,-124.0,-0.005
116,116.0,-128.0,-0.08
117,117.0,-152.0,-0.055
118,118.0,-178.0,-0.125
119,119.0,-118.0,-0.055
120,120.0,-162.0,0.0
121,121.0,-150.0,0.06
122,122.0,-168.0,0.06
123,123.0,-230.0,-0.06
124,124.0,-188.0,-0.03
125,125.0,-234.0,0.055
126,126.0,-196.0,0.15
127,127.0,-162.0,0.14
128,128.0,-156.0,0.105
129,129.0,-140.0,0.11
130,130.0,-138.0,-0.005
131,131.0,-178.0,0.025
132,132.0,-94.0,0.01
133,133.0,-180.0,0.155
134,134.0,-194.0,0.135
135,135.0,-130.0,0.125
136,136.0,-196.0,-0.005
137,137.0,-226.0,-0.05
138,138.0,-180.0,-0.01
139,139.0,-220.0,-0.015
140,140.0,-182.0,0.025
141,141.0,-158.0,-0.045
142,142.0,-170.0,-0.03
143,143.0,-116.0,-0.05
144,144.0,-156.0,-0.045
145,145.0,-168.0,-0.02
146,146.0,-156.0,0.03
147,147.0,-168.0,-0.035
148,148.0,-160.0,0.01
149,149.0,-136.0,-0.06
150,150.0,-192.0,-0.155
151,151.0,-232.0,-0.085
152,152.0,-180.0,-0.105
153,153.0,-174.0,-0.015
154,154.0,-170.0,0.025
155,155.0,-200.0,-0.01
156,156.0,-190.0,0.01
157,157.0,-168.0,0.0
158,158.0,-198.0,0.035
159,159.0,-126.0,-0.015
160,160.0,-184.0,-0.035
161,161.0,-152.0,0.05
162,162.0,-184.0,0.095
163,163.0,-182.0,-0.03
164,164.0,-188.0,0.105
165,165.0,-246.0,0.155
166,166.0,-186.0,0.075
167,167.0,-158.0,0.065
168,168.0,-160.0,-0.035
169,169.0,-144.0,-0.025
170,170.0,-136.0,0.0
171,171.0,-134.0,0.05
172,172.0,-114.0,0.095
173,173.0,-192.0,0.035
174,174.0,-184.0,0.035
175,175.0,-154.0,0.15
176,176.0,-146.0,0.04
177,177.0,-162.0,0.14
178,178.0,-188.0,0.03
179,179.0,-218.0,0.065
180,180.0,-176.0,-0.055
181,181.0,-152.0,0.03
182,182.0,-132.0,0.01
183,183.0,-162.0,0.04
184,184.0,-154.0,0.06
185,185.0,-152.0,0.045
186,186.0,-154.0,0.095
187,187.0,-192.0,0.04
188,188.0,-190.0,0.05
189,189.0,-182.0,0.065
190,190.0,-178.0,0.1
191,191.0,-226.0,0.045
192,192.0,-230.0,0.04
193,193.0,-184.0,0.1
194,194.0,-204.0,0.135
195,195.0,-166.0,0.075
196,196.0,-174.0,-0.055
197,197.0,-160.0,0.055
198,198.0,-180.0,0.18
199,199.0,-92.0,0.155
200,200.0,-164.0,0.12
201,201.0,-118.0,0.105
202,202.0,-170.0,0.1
203,203.0,-182.0,0.12
204,204.0,-134.0,0.135
205,205.0,-216.0,0.135
206,206.0,-148.0,0.14
207,207.0,-140.0,0.055
208,208.0,-180.0,0.105
209,209.0,-160.0,0.06
210,210.0,-140.0,0.0
211,211.0,-186.0,0.06
212,212.0,-158.0,-0.025
213,213.0,-172.0,0.08
214,214.0,-132.0,0.035
215,215.0,-172.0,0.04
216,216.0,-114.0,-0.075
217,217.0,-196.0,0.01
218,218.0,-250.0,0.055
219,219.0,-198.0,0.07
220,220.0,-212.0,0.055
221,221.0,-164.0,-0.03
222,222.0,-160.0,0.12
223,223.0,-148.0,0.08
224,224.0,-142.0,0.055
225,225.0,-184.0,-0.11
226,226.0,-164.0,-0.03
227,227.0,-192.0,0.065
228,228.0,-140.0,0.065
229,229.0,-144.0,0.04
230,230.0,-206.0,0.135
231,231.0,-134.0,0.05
232,232.0,-136.0,0.08
233,233.0,-140.0,-0.01
234,234.0,-216.0,0.055
235,235.0,-246.0,-0.02
236,236.0,-154.0,-0.005
237,237.0,-158.0,0.03
238,238.0,-150.0,0.105
239,239.0,-212.0,0.12
240,240.0,-180.0,0.005
241,241.0,-114.0,0.035
242,242.0,-164.0,0.0
243,243.0,-144.0,0.0
244,244.0,-166.0,-0.05
245,245.0,-160.0,0.035
246,246.0,-124.0,0.01
247,247.0,-152.0,0.03
248,248.0,-178.0,-0.025
249,249.0,-202.0,-0.085
250,250.0,-134.0,-0.07
251,251.0,-134.0,-0.07
252,252.0,-86.0,-0.04
253,253.0,-146.0,0.005
254,254.0,-176.0,-0.075
255,255.0,-120.0,-0.155
256,256.0,-188.0,-0.055
257,257.0,-142.0,0.015
258,258.0,-132.0,-0.04
259,259.0,-166.0,0.005
260,260.0,-172.0,0.085
261,261.0,-146.0,-0.04
262,262.0,-190.0,-0.04
263,263.0,-122.0,0.01
264,264.0,-172.0,0.005
265,265.0,-144.0,0.095
266,266.0,-188.0,0.035
267,267.0,-128.0,0.01
268,268.0,-152.0,-0.04
269,269.0,-188.0,-0.045
270,270.0,-154.0,0.015
271,271.0,-132.0,-0.025
272,272.0,-162.0,-0.085
273,273.0,-180.0,-0.11
274,274.0,-116.0,-0.1
275,275.0,-140.0,-0.06
276,276.0,-168.0,-0.075
277,277.0,-162.0,0.0
278,278.0,-142.0,0.035
279,279.0,-186.0,0.135
280,280.0,-158.0,0.005
281,281.0,-178.0,-0.015
282,282.0,-152.0,-0.09
283,283.0,-162.0,0.02
284,284.0,-166.0,0.005
285,285.0,-150.0,0.005
286,286.0,-154.0,0.09
287,287.0,-174.0,0.07
288,288.0,-142.0,0.01
289,289.0,-200.0,-0.025
290,290.0,-88.0,-0.03
291,291.0,-146.0,-0.1
292,292.0,-164.0,-0.08
293,293.0,-146.0,0.1
294,294.0,-162.0,0.045
295,295.0,-176.0,0.115
296,296.0,-140.0,0.09
297,297.0,-162.0,0.12
298,298.0,-180.0,0.115
299,299.0,-140.0,0.1
300,300.0,-148.0,-0.06
301,301.0,-152.0,-0.095
302,302.0,-210.0,-0.14
303,303.0,-192.0,-0.07
304,304.0,-156.0,-0.175
305,305.0,-238.0,-0.275
306,306.0,-174.0,-0.13
307,307.0,-164.0,-0.085
308,308.0,-152.0,-0.02
309,309.0,-130.0,0.04
310,310.0,-92.0,0.05
311,311.0,-170.0,0.06
312,312.0,-170.0,0.01
313,313.0,-156.0,0.015
314,314.0,-196.0,0.065
315,315.0,-166.0,0.01
316,316.0,-160.0,0.085
317,317.0,-176.0,0.025
318,318.0,-118.0,-0.015
319,319.0,-134.0,0.015
320,320.0,-164.0,0.14
321,321.0,-158.0,0.09
322,322.0,-250.0,0.13
323,323.0,-244.0,0.165
324,324.0,-206.0,0.07
325,325.0,-182.0,0.11
326,326.0,-142.0,-0.025
327,327.0,-142.0,-0.035
328,328.0,-160.0,0.06
329,329.0,-202.0,0.125
330,330.0,-210.0,0.055
331,331.0,-204.0,0.13
332,332.0,-176.0,0.105
333,333.0,-182.0,0.11
334,334.0,-114.0,0.07
335,335.0,-172.0,0.065
336,336.0,-130.0,-0.015
337,337.0,-180.0,-0.005
338,338.0,-172.0,0.045
339,339.0,-208.0,-0.02
340,340.0,-242.0,-0.085
341,341.0,-198.0,0.05
342,342.0,-184.0,-0.08
343,343.0,-152.0,0.0
344,344.0,-164.0,-0.005
345,345.0,-164.0,0.0
346,346.0,-148.0,-0.06
347,347.0,-142.0,0.155
348,348.0,-140.0,0.035
349,349.0,-156.0,0.01
350,350.0,-186.0,-0.085
351,351.0,-208.0,-0.025
352,352.0,-172.0,-0.025
353,353.0,-176.0,-0.045
354,354.0,-170.0,0.005
355,355.0,-190.0,0.045
356,356.0,-156.0,0.005
357,357.0,-156.0,-0.005
358,358.0,-138.0,0.155
359,359.0,-184.0,0.075
360,360.0,-148.0,0.115
361,361.0,-158.0,0.07
362,362.0,-192.0,0.18
363,363.0,-194.0,0.17
364,364.0,-158.0,0.0
365,365.0,-190.0,-0.07
366,366.0,-136.0,-0.02
367,367.0,-180.0,-0.01
368,368.0,-166.0,0.005
369,369.0,-152.0,0.095
370,370.0,-168.0,0.08
371,371.0,-126.0,0.11
372,372.0,-112.0,0.02
373,373.0,-172.0,0.155
374,374.0,-130.0,0.165
375,375.0,-168.0,0.18
376,376.0,-100.0,0.07
377,377.0,-142.0,0.13
378,378.0,-128.0,0.04
379,379.0,-138.0,-0.015
380,380.0,-188.0,-0.015
381,381.0,-126.0,-0.01
382,382.0,-184.0,-0.135
383,383.0,-154.0,-0.165
384,384.0,-58.0,-0.025
385,385.0,-136.0,0.115
386,386.0,-130.0,0.07
387,387.0,-122.0,0.06
388,388.0,-166.0,-0.035
389,389.0,-168.0,-0.065
390,390.0,-174.0,-0.08
391,391.0,-198.0,0.025
392,392.0,-204.0,0.02
393,393.0,-202.0,0.145
394,394.0,-162.0,0.155
395,395.0,-138.0,0.085
396,396.0,-164.0,0.04
397,397.0,-128.0,0.15
398,398.0,-180.0,0.115
399,399.0,-150.0,-0.045
400,400.0,-190.0,0.06
401,401.0,-136.0,0.055
402,402.0,-150.0,0.03
403,403.0,-154.0,-0.065
404,404.0,-166.0,0.06
405,405.0,-186.0,-0.065
406,406.0,-170.0,-0.04
407,407.0,-194.0,0.04
408,408.0,-196.0,0.07
409,409.0,-202.0,0.18
410,410.0,-192.0,-0.08
411,411.0,-136.0,-0.165
412,412.0,-112.0,-0.12
413,413.0,-192.0,-0.035
414,414.0,-154.0,-0.035
415,415.0,-158.0,-0.08
416,416.0,-120.0,0.1
417,417.0,-156.0,-0.095
418,418.0,-158.0,-0.045
419,419.0,-172.0,-0.05
420,420.0,-124.0,0.035
421,421.0,-158.0,-0.1
422,422.0,-150.0,-0.125
423,423.0,-136.0,-0.12
424,424.0,-196.0,-0.135
425,425.0,-178.0,-0.02
426,426.0,-210.0,-0.005
427,427.0,-124.0,-0.015
428,428.0,-160.0,0.065
429,429.0,-164.0,0.03
430,430.0,-166.0,-0.005
431,431.0,-148.0,-0.085
432,432.0,-120.0,-0.01
433,433.0,-192.0,-0.025
434,434.0,-144.0,-0.04
435,435.0,-136.0,-0.015
436,436.0,-176.0,-0.035
437,437.0,-202.0,0.02
438,438.0,-138.0,-0.065
439,439.0,-134.0,0.02
440,440.0,-172.0,0.075
441,441.0,-132.0,0.015
442,442.0,-166.0,-0.04
443,443.0,-166.0,-0.08
444,444.0,-170.0,0.0
445,445.0,-150.0,-0.02
446,446.0,-192.0,0.035
447,447.0,-194.0,0.155
448,448.0,-168.0,0.12
449,449.0,-168.0,0.03
450,450.0,-132.0,-0.025
451,451.0,-144.0,0.01
452,452.0,-162.0,-0.05
453,453.0,-190.0,-0.03
454,454.0,-176.0,0.075
455,455.0,-174.0,-0.015
456,456.0,-216.0,-0.125
457,457.0,-210.0,0.005
458,458.0,-168.0,0.015
459,459.0,-152.0,0.085
460,460.0,-156.0,-0.005
461,461.0,-184.0,0.05
462,462.0,-172.0,-0.14
463,463.0,-120.0,-0.095
464,464.0,-158.0,-0.09
465,465.0,-212.0,-0.015
466,466.0,-156.0,-0.035
467,467.0,-172.0,0.0
468,468.0,-164.0,-0.015
469,469.0,-192.0,0.03
470,470.0,-112.0,-0.08
471,471.0,-156.0,0.085
472,472.0,-118.0,-0.025
473,473.0,-170.0,-0.06
474,474.0,-146.0,0.04
475,475.0,-168.0,0.065
476,476.0,-178.0,0.035
477,477.0,-136.0,-0.05
478,478.0,-140.0,0.015
479,479.0,-186.0,0.2
480,480.0,-226.0,0.285
481,481.0,-218.0,0.22
482,482.0,-194.0,0.12
483,483.0,-206.0,0.175
484,484.0,-210.0,0.175
485,485.0,-144.0,0.005
486,486.0,-194.0,0.005
487,487.0,-234.0,0.105
488,488.0,-228.0,-0.01
489,489.0,-98.0,0.0
490,490.0,-158.0,-0.01
491,491.0,-150.0,0.0
492,492.0,-194.0,0.07
493,493.0,-196.0,0.065
494,494.0,-124.0,-0.045
495,495.0,-212.0,-0.09
496,496.0,-128.0,-0.075
497,497.0,-164.0,0.07
498,498.0,-122.0,0.02
499,499.0,-164.0,0.08
500,500.0,-208.0,0.115
501,501.0,-170.0,0.01
502,502.0,-152.0,0.02
503,503.0,-168.0,0.055
504,504.0,-146.0,0.1
505,505.0,-140.0,0.11
506,506.0,-142.0,-0.01
507,507.0,-200.0,-0.065
508,508.0,-142.0,0.02
509,509.0,-176.0,0.05
510,510.0,-136.0,-0.015
511,511.0,-116.0,-0.04
512,512.0,-182.0,0.015
513,513.0,-142.0,0.135
514,514.0,-182.0,-0.015
515,515.0,-166.0,-0.1
516,516.0,-138.0,-0.05
517,517.0,-160.0,0.055
518,518.0,-152.0,-0.005
519,519.0,-136.0,-0.055
520,520.0,-182.0,-0.04
521,521.0,-192.0,-0.085
522,522.0,-204.0,-0.1
523,523.0,-260.0,-0.015
524,524.0,-192.0,-0.025
525,525.0,-150.0,0.005
526,526.0,-84.0,-0.01
527,527.0,-134.0,0.015
528,528.0,-184.0,0.035
529,529.0,-172.0,-0.085
530,530.0,-144.0,-0.075
531,531.0,-150.0,0.085
532,532.0,-124.0,0.005
533,533.0,-144.0,0.06
534,534.0,-154.0,0.065
535,535.0,-126.0,0.05
536,536.0,-120.0,-0.095
537,537.0,-126.0,-0.06
538,538.0,-144.0,-0.085
539,539.0,-176.0,-0.115
540,540.0,-142.0,-0.05
541,541.0,-122.0,-0.015
542,542.0,-158.0,-0.015
543,543.0,-160.0,-0.08
544,544.0,-166.0,0.01
545,545.0,-162.0,0.065
546,546.0,-154.0,0.055
547,547.0,-146.0,-0.01
548,548.0,-146.0,0.035
549,549.0,-152.0,0.105
550,550.0,-160.0,0.085
551,551.0,-166.0,-0.035
552,552.0,-134.0,0.005
553,553.0,-114.0,0.0
554,554.0,-170.0,0.035
555,555.0,-198.0,0.065
556,556.0,-138.0,0.025
557,557.0,-190.0,-0.04
558,558.0,-144.0,-0.1
559,559.0,-180.0,-0.125
560,560.0,-150.0,-0.085
561,561.0,-146.0,-0.03
562,562.0,-154.0,0.06
563,563.0,-110.0,0.085
564,564.0,-138.0,-0.01
565,565.0,-150.0,-0.065
566,566.0,-146.0,-0.065
567,567.0,-208.0,-0.03
568,568.0,-152.0,-0.015
569,569.0,-182.0,-0.05
570,570.0,-198.0,0.085
571,571.0,-172.0,0.005
572,572.0,-190.0,0.01
573,573.0,-182.0,0.08
574,574.0,-206.0,0.035
575,575.0,-148.0,0.105
576,576.0,-196.0,-0.02
577,577.0,-226.0,0.01
578,578.0,-170.0,0.03
579,579.0,-204.0,0.06
580,580.0,-178.0,0.01
581,581.0,-184.0,0.065
582,582.0,-146.0,0.1
583,583.0,-116.0,0.135
584,584.0,-130.0,0.04
585,585.0,-82.0,0.025
586,586.0,-112.0,-0.02
587,587.0,-114.0,-0.04
588,588.0,-228.0,-0.08
589,589.0,-194.0,0.065
590,590.0,-116.0,-0.055
591,591.0,-164.0,0.05
592,592.0,-196.0,0.01
593,593.0,-202.0,-0.015
594,594.0,-158.0,-0.13
595,595.0,-174.0,-0.135
596,596.0,-178.0,-0.08
597,597.0,-168.0,-0.05
598,598.0,-174.0,-0.05
599,599.0,-218.0,-0.095
600,600.0,-148.0,-0.025
601,601.0,-256.0,0.0
602,602.0,-178.0,0.0
603,603.0,-164.0,0.02
604,604.0,-188.0,-0.03
605,605.0,-198.0,-0.075
606,606.0,-174.0,0.0
607,607.0,-202.0,-0.05
608,608.0,-178.0,-0.11
609,609.0,-154.0,-0.115
610,610.0,-154.0,-0.035
611,611.0,-180.0,-0.125
612,612.0,-96.0,-0.08
613,613.0,-142.0,0.055
614,614.0,-180.0,-0.07
615,615.0,-130.0,-0.115
616,616.0,-160.0,-0.03
617,617.0,-142.0,0.05
618,618.0,-122.0,-0.08
619,619.0,-184.0,-0.09
620,620.0,-170.0,0.05
621,621.0,-242.0,-0.02
622,622.0,-194.0,-0.1
623,623.0,-126.0,-0.055
624,624.0,-88.0,0.0
625,625.0,-140.0,0.0
626,626.0,-174.0,0.055
627,627.0,-134.0,0.1
628,628.0,-180.0,0.16
629,629.0,-134.0,0.085
630,630.0,-142.0,-0.05
631,631.0,-198.0,-0.125
632,632.0,-168.0,-0.045
633,633.0,-190.0,-0.045
634,634.0,-176.0,-0.125
635,635.0,-228.0,0.035
636,636.0,-152.0,0.005
637,637.0,-182.0,0.005
638,638.0,-128.0,-0.115
639,639.0,-124.0,-0.07
640,640.0,-154.0,-0.025
641,641.0,-140.0,0.0
642,642.0,-150.0,-0.015
643,643.0,-216.0,-0.07
644,644.0,-150.0,-0.025
645,645.0,-104.0,0.11
646,646.0,-170.0,-0.02
647,647.0,-202.0,-0.075
648,648.0,-210.0,-0.1
649,649.0,-204.0,-0.075
650,650.0,-132.0,-0.015
651,651.0,-142.0,-0.025
652,652.0,-246.0,-0.03
653,653.0,-174.0,0.045
654,654.0,-140.0,0.08
655,655.0,-150.0,0.015
656,656.0,-220.0,0.19
657,657.0,-238.0,0.105
658,658.0,-188.0,0.095
659,659.0,-126.0,0.05
660,660.0,-196.0,-0.005
661,661.0,-158.0,0.045
662,662.0,-98.0,-0.04
663,663.0,-188.0,0.085
664,664.0,-126.0,-0.01
665,665.0,-160.0,-0.06
666,666.0,-150.0,-0.035
667,667.0,-176.0,-0.075
668,668.0,-160.0,-0.075
669,669.0,-118.0,-0.055
670,670.0,-202.0,0.06
671,671.0,-156.0,-0.055
672,672.0,-222.0,0.01
673,673.0,-148.0,0.065
674,674.0,-126.0,-0.055
675,675.0,-190.0,-0.19
676,676.0,-140.0,-0.065
677,677.0,-118.0,-0.055
678,678.0,-150.0,-0.105
679,679.0,-126.0,-0.065
680,680.0,-156.0,-0.025
681,681.0,-194.0,-0.075
682,682.0,-150.0,-0.085
683,683.0,-108.0,-0.11
684,684.0,-170.0,-0.035
685,685.0,-188.0,-0.005
686,686.0,-182.0,0.04
687,687.0,-176.0,0.145
688,688.0,-164.0,0.03
689,689.0,-186.0,0.08
690,690.0,-136.0,0.055
691,691.0,-170.0,0.04
692,692.0,-160.0,0.075
693,693.0,-176.0,0.05
694,694.0,-188.0,0.215
695,695.0,-152.0,0.15
696,696.0,-170.0,0.02
697,697.0,-146.0,-0.06
698,698.0,-130.0,0.02
699,699.0,-120.0,0.035
700,700.0,-166.0,0.16
701,701.0,-104.0,0.035
702,702.0,-140.0,0.04
703,703.0,-200.0,0.055
704,704.0,-160.0,-0.005
705,705.0,-150.0,0.045
706,706.0,-172.0,-0.06
707,707.0,-148.0,-0.055
708,708.0,-166.0,-0.15
709,709.0,-166.0,0.03
710,710.0,-164.0,0.155
711,711.0,-118.0,0.11
712,712.0,-140.0,0.165
713,713.0,-166.0,0.12
714,714.0,-140.0,0.025
715,715.0,-148.0,-0.015
716,716.0,-166.0,0.01
717,717.0,-182.0,0.095
718,718.0,-170.0,0.05
719,719.0,-196.0,0.07
720,720.0,-136.0,-0.055
721,721.0,-124.0,-0.095
722,722.0,-154.0,-0.12
723,723.0,-164.0,-0.065
724,724.0,-168.0,-0.045
725,725.0,-142.0,-0.025
726,726.0,-114.0,0.045
727,727.0,-128.0,-0.025
728,728.0,-138.0,0.005
729,729.0,-164.0,-0.055
730,730.0,-160.0,-0.105
731,731.0,-132.0,-0.09
732,732.0,-132.0,-0.015
733,733.0,-130.0,0.055
734,734.0,-118.0,0.075
735,735.0,-152.0,-0.005
736,736.0,-132.0,0.015
737,737.0,-162.0,-0.045
738,738.0,-174.0,-0.04
739,739.0,-148.0,-0.09
740,740.0,-142.0,0.005
741,741.0,-184.0,0.06
742,742.0,-214.0,0.07
743,743.0,-194.0,-0.005
744,744.0,-210.0,0.065
745,745.0,-158.0,0.13
746,746.0,-234.0,0.005
747,747.0,-190.0,-0.09
748,748.0,-124.0,0.01
749,749.0,-176.0,-0.065
750,750.0,-144.0,-0.045
751,751.0,-148.0,-0.11
752,752.0,-146.0,-0.1
753,753.0,-172.0,0.0
754,754.0,-174.0,0.085
755,755.0,-134.0,0.185
756,756.0,-132.0,0.1
757,757.0,-158.0,0.105
758,758.0,-148.0,-0.05
759,759.0,-174.0,0.035
760,760.0,-100.0,-0.015
761,761.0,-148.0,-0.045
762,762.0,-172.0,0.045
763,763.0,-134.0,-0.04
764,764.0,-188.0,0.005
765,765.0,-134.0,-0.03
766,766.0,-162.0,-0.045
767,767.0,-136.0,-0.04
768,768.0,-138.0,-0.075
769,769.0,-174.0,-0.005
770,770.0,-124.0,-0.005
771,771.0,-138.0,0.025
772,772.0,-152.0,-0.03
773,773.0,-174.0,0.03
774,774.0,-166.0,-0.05
775,775.0,-160.0,0.05
776,776.0,-124.0,0.025
777,777.0,-162.0,-0.075
778,778.0,-156.0,-0.08
779,779.0,-152.0,-0.11
780,780.0,-190.0,-0.135
781,781.0,-156.0,-0.025
782,782.0,-202.0,0.13
783,783.0,-212.0,0.145
784,784.0,-194.0,0.045
785,785.0,-134.0,0.125
786,786.0,-174.0,0.08
787,787.0,-208.0,0.06
788,788.0,-184.0,0.0
789,789.0,-150.0,0.075
790,790.0,-158.0,0.035
791,791.0,-172.0,-0.01
792,792.0,-170.0,-0.025
793,793.0,-176.0,-0.09
794,794.0,-152.0,0.08
795,795.0,-144.0,0.055
796,796.0,-166.0,0.02
797,797.0,-194.0,0.075
798,798.0,-112.0,-0.04
799,799.0,-134.0,0.015
800,800.0,-182.0,-0.005
801,801.0,-136.0,-0.04
802,802.0,-146.0,-0.07
803,803.0,-152.0,-0.005
804,804.0,-120.0,-0.03
805,805.0,-160.0,-0.03
806,806.0,-146.0,0.11
807,807.0,-176.0,0.135
808,808.0,-164.0,0.065
809,809.0,-160.0,0.09
810,810.0,-186.0,0.01
811,811.0,-198.0,-0.18
812,812.0,-224.0,-0.155
813,813.0,-192.0,-0.08
814,814.0,-210.0,-0.04
815,815.0,-222.0,-0.185
816,816.0,-190.0,-0.1
817,817.0,-178.0,-0.06
818,818.0,-188.0,-0.08
819,819.0,-174.0,-0.075
820,820.0,-136.0,0.02
821,821.0,-84.0,-0.005
822,822.0,-186.0,-0.04
823,823.0,-156.0,0.035
824,824.0,-140.0,0.055
825,825.0,-152.0,-0.03
826,826.0,-124.0,-0.135
827,827.0,-168.0,-0.025
828,828.0,-136.0,-0.085
829,829.0,-184.0,-0.035
830,830.0,-200.0,0.035
831,831.0,-156.0,0.07
832,832.0,-176.0,0.09
833,833.0,-162.0,0.06
834,834.0,-168.0,0.08
835,835.0,-110.0,-0.07
836,836.0,-132.0,-0.03
837,837.0,-160.0,0.0
838,838.0,-160.0,0.01
839,839.0,-170.0,0.04
840,840.0,-160.0,-0.04
841,841.0,-184.0,-0.15
842,842.0,-150.0,-0.065
843,843.0,-188.0,-0.05
844,844.0,-224.0,0.11
845,845.0,-234.0,0.2
846,846.0,-204.0,0.105
847,847.0,-176.0,-0.015
848,848.0,-142.0,-0.07
849,849.0,-106.0,-0.025
850,850.0,-132.0,0.035
851,851.0,-188.0,-0.025
852,852.0,-180.0,-0.025
853,853.0,-214.0,0.08
854,854.0,-138.0,0.06
855,855.0,-184.0,-0.085
856,856.0,-180.0,-0.015
857,857.0,-152.0,0.0
858,858.0,-210.0,0.115
859,859.0,-182.0,0.145
860,860.0,-152.0,0.16
861,861.0,-120.0,0.135
862,862.0,-156.0,-0.125
863,863.0,-182.0,0.04
864,864.0,-116.0,-0.02
865,865.0,-130.0,-0.06
866,866.0,-152.0,-0.1
867,867.0,-136.0,-0.095
868,868.0,-104.0,-0.105
869,869.0,-156.0,-0.07
870,870.0,-186.0,-0.035
871,871.0,-172.0,-0.08
872,872.0,-110.0,0.01
873,873.0,-160.0,0.01
874,874.0,-116.0,0.03
875,875.0,-112.0,-0.185
876,876.0,-166.0,-0.1
877,877.0,-108.0,-0.055
878,878.0,-152.0,0.045
879,879.0,-148.0,0.0
880,880.0,-180.0,0.015
881,881.0,-168.0,0.085
882,882.0,-166.0,0.03
883,883.0,-210.0,0.085
884,884.0,-158.0,0.07
885,885.0,-142.0,-0.06
886,886.0,-148.0,-0.025
887,887.0,-134.0,-0.03
888,888.0,-184.0,0.005
889,889.0,-232.0,-0.005
890,890.0,-160.0,-0.035
891,891.0,-158.0,-0.04
892,892.0,-184.0,0.01
893,893.0,-142.0,-0.005
894,894.0,-202.0,0.13
895,895.0,-140.0,0.075
896,896.0,-172.0,0.115
897,897.0,-138.0,-0.005
898,898.0,-108.0,0.03
899,899.0,-162.0,0.01
900,900.0,-172.0,-0.03
901,901.0,-198.0,0.02
902,902.0,-152.0,0.055
903,903.0,-174.0,0.14
904,904.0,-138.0,0.125
905,905.0,-156.0,0.01
906,906.0,-172.0,0.12
907,907.0,-192.0,0.12
908,908.0,-150.0,0.1
909,909.0,-136.0,0.09
910,910.0,-200.0,-0.01
911,911.0,-182.0,0.015
912,912.0,-146.0,-0.055
913,913.0,-166.0,0.02
914,914.0,-126.0,-0.07
915,915.0,-220.0,-0.045
916,916.0,-194.0,-0.005
917,917.0,-182.0,0.035
918,918.0,-184.0,0.015
919,919.0,-222.0,-0.15
920,920.0,-226.0,0.0
921,921.0,-170.0,0.005
922,922.0,-178.0,-0.005
923,923.0,-108.0,0.015
924,924.0,-160.0,0.105
925,925.0,-130.0,0.115
926,926.0,-168.0,0.02
927,927.0,-146.0,-0.12
928,928.0,-152.0,-0.04
929,929.0,-176.0,0.02
930,930.0,-204.0,0.075
931,931.0,-168.0,-0.015
932,932.0,-126.0,-0.135
933,933.0,-146.0,-0.13
934,934.0,-158.0,-0.16
935,935.0,-182.0,0.05
936,936.0,-194.0,-0.075
937,937.0,-202.0,-0.21
938,938.0,-178.0,-0.19
939,939.0,-236.0,-0.09
940,940.0,-128.0,-0.015
941,941.0,-210.0,-0.155
942,942.0,-184.0,-0.045
943,943.0,-164.0,-0.005
944,944.0,-206.0,-0.015
945,945.0,-148.0,0.095
946,946.0,-136.0,0.165
947,947.0,-150.0,0.13
948,948.0,-106.0,0.055
949,949.0,-174.0,0.09
950,950.0,-116.0,0.095
951,951.0,-200.0,0.025
952,952.0,-208.0,-0.03
953,953.0,-208.0,-0.08
954,954.0,-194.0,-0.05
955,955.0,-182.0,-0.035
956,956.0,-144.0,0.035
957,957.0,-154.0,0.03
958,958.0,-140.0,0.05
959,959.0,-96.0,0.075
960,960.0,-164.0,-0.095
961,961.0,-152.0,-0.12
962,962.0,-154.0,-0.045
963,963.0,-168.0,0.035
964,964.0,-202.0,0.01
965,965.0,-136.0,0.09
966,966.0,-164.0,0.125
967,967.0,-232.0,0.04
968,968.0,-154.0,0.1
969,969.0,-138.0,0.055
970,970.0,-128.0,-0.055
971,971.0,-152.0,-0.055
972,972.0,-178.0,-0.105
973,973.0,-188.0,0.03
974,974.0,-150.0,0.03
975,975.0,-148.0,-0.095
976,976.0,-194.0,-0.145
977,977.0,-136.0,-0.01
978,978.0,-116.0,0.01
979,979.0,-152.0,0.01
980,980.0,-134.0,0.02
981,981.0,-142.0,-0.015
982,982.0,-136.0,-0.005
983,983.0,-124.0,0.06
984,984.0,-172.0,0.03
985,985.0,-156.0,0.105
986,986.0,-158.0,0.095
987,987.0,-150.0,0.14
988,988.0,-140.0,0.205
989,989.0,-132.0,-0.03
990,990.0,-140.0,-0.025
991,991.0,-146.0,-0.045
992,992.0,-102.0,-0.1
993,993.0,-156.0,-0.055
994,994.0,-134.0,0.055
995,995.0,-130.0,0.04
996,996.0,-188.0,-0.01
997,997.0,-254.0,-0.08
998,998.0,-192.0,-0.115
999,999.0,-160.0,-0.085
